Category,#,Feature,Sub-Feature,Description,Decagon,Sierra
Multi-Agent Architecture,1.1,Supervisor Orchestration,Intent-Based Routing,Supervisor agents classify user intent and route to specialized child agents with priority-ordered rules,,
Multi-Agent Architecture,1.2,Supervisor Orchestration,Condition-Based Routing,Route based on arbitrary expressions evaluated against session context and gathered data,,
Multi-Agent Architecture,1.3,Supervisor Orchestration,Default Agent Fallback,Configurable default agent when no routing rule matches,,
Multi-Agent Architecture,1.4,Agent Handoff,Synchronous Handoff,Transfer full control to another agent with context passing and optional return,,
Multi-Agent Architecture,1.5,Agent Handoff,Context Passing,"Pass specific fields, memory grants, and generated summaries to target agent",,
Multi-Agent Architecture,1.6,Agent Handoff,History Strategy,"Control what conversation history transfers: none, summary_only, full, or last_N messages",,
Multi-Agent Architecture,1.7,Agent Handoff,Return Flow,Handoff with RETURN: true allows child agent to return control with results mapped back via ON_RETURN,,
Multi-Agent Architecture,1.8,Agent Delegation,Fire-and-Forget Delegation,"Invoke a sub-agent, get result, continue in current agent without yielding control",,
Multi-Agent Architecture,1.9,Agent Delegation,Input/Output Mapping,Explicit INPUT mapping to sub-agent and RETURNS mapping from sub-agent results,,
Multi-Agent Architecture,1.10,Agent Delegation,Timeout & Failure Handling,"Per-delegation timeout with ON_FAILURE: CONTINUE, ESCALATE, or RESPOND",,
Multi-Agent Architecture,1.11,Fan-Out,Parallel Agent Execution,Dispatch work to multiple agents concurrently and synthesize results,,
Multi-Agent Architecture,1.12,Human Escalation,Priority-Based Escalation,Escalate to human agents with low/medium/high/critical priority levels,,
Multi-Agent Architecture,1.13,Human Escalation,Skill-Based Routing,Route escalations to specific queues with skill_tags for matching,,
Multi-Agent Architecture,1.14,Human Escalation,Context for Human,Configurable fields and templates passed to human agent for context,,
Multi-Agent Architecture,1.15,Human Escalation,On Human Complete,Define actions when human agent resolves or fails to resolve,,
Multi-Agent Architecture,1.16,Remote Agents,A2A Protocol,Agent-to-Agent protocol for cross-service agent invocation,,
Multi-Agent Architecture,1.17,Remote Agents,REST Protocol,"HTTP REST-based remote agent invocation with auth (api_key, bearer)",,
Multi-Agent Architecture,1.18,Remote Agents,SSRF Protection,"Validate remote endpoints, block private IP ranges and metadata endpoints",,
Multi-Agent Architecture,1.19,Agent Registry,Per-Deployment Registry,Agents registered per deployment/project with version pinning,,
Multi-Agent Architecture,1.20,Agent Registry,Agent Versioning,"Draft, testing, staged, active, deprecated, archived lifecycle states",,
Programmable Platform (ABL DSL),2.1,Dual Execution Modes,Reasoning Mode,"LLM-driven agentic loop with tool use, constraint checking, and autonomous decision-making",,
Programmable Platform (ABL DSL),2.2,Dual Execution Modes,Scripted Mode,"Deterministic state machine with FLOW steps, explicit transitions, and predictable behavior",,
Programmable Platform (ABL DSL),2.3,Agent Identity,Goal,Declarative goal statement used in system prompt and completion detection,,
Programmable Platform (ABL DSL),2.4,Agent Identity,Persona,Multi-line personality/tone definition injected into LLM system prompt,,
Programmable Platform (ABL DSL),2.5,Agent Identity,Limitations,"Hard constraints the agent cannot violate, embedded in system prompt",,
Programmable Platform (ABL DSL),2.6,Tool Definitions,Typed Parameters,"Tools with typed params (string, number, boolean, date, object, array, enum) and defaults",,
Programmable Platform (ABL DSL),2.7,Tool Definitions,Return Types,Typed return values including complex objects and arrays (e.g. Hotel[]),,
Programmable Platform (ABL DSL),2.8,Tool Bindings,HTTP Binding,"REST API tools with endpoint, method, auth (API key, bearer, OAuth2, SAML, custom), headers, retry, rate limit, circuit breaker",,
Programmable Platform (ABL DSL),2.9,Tool Bindings,MCP Binding,Model Context Protocol server + tool mapping for standardized tool access,,
Programmable Platform (ABL DSL),2.10,Tool Bindings,Lambda Binding,"AWS Lambda invocation with function name, runtime, timeout, memory config",,
Programmable Platform (ABL DSL),2.11,Tool Bindings,Sandbox Binding,"Isolated JavaScript/Python code execution with entrypoint, timeout, memory limits",,
Programmable Platform (ABL DSL),2.12,Tool Imports,Shared Tool Files,Import tool definitions from .tools.abl files to share across agents,,
Programmable Platform (ABL DSL),2.13,Information Gathering,GATHER Fields,"Multi-field collection with type, prompt, required, default, validation, extraction hints",,
Programmable Platform (ABL DSL),2.14,Information Gathering,Extraction Strategies,"LLM-based, pattern-based, or hybrid extraction from natural language",,
Programmable Platform (ABL DSL),2.15,Information Gathering,Field Inference,infer: true/false controls whether LLM can infer values or must ground from user input,,
Programmable Platform (ABL DSL),2.16,Information Gathering,Corrections,"Natural language corrections (""actually 4 not 3"") detected and applied",,
Programmable Platform (ABL DSL),2.17,Constraints,Phase-Based Enforcement,"Named constraint phases (pre_search, pre_booking, verification, always) checked at relevant points",,
Programmable Platform (ABL DSL),2.18,Constraints,Constraint Actions,"CHECK/REQUIRE with ON_FAIL: respond, handoff, escalate, or block",,
Programmable Platform (ABL DSL),2.19,Guardrails,Input/Output Guards,Safety checks on input/output/both with block/warn/redact/escalate actions and priority ordering,,
Programmable Platform (ABL DSL),2.20,Flow Control,Step-Based Flows,"Named steps with THEN transitions, entry points, and static graph generation",,
Programmable Platform (ABL DSL),2.21,Flow Control,ON_INPUT Branching,Branch on user input patterns with IF/ELSE conditions,,
Programmable Platform (ABL DSL),2.22,Flow Control,ON_RESULT Branching,Multi-way conditional branching on tool call results,,
Programmable Platform (ABL DSL),2.23,Flow Control,Digressions,Intent-based escapes from current flow with optional resume back to interrupted step,,
Programmable Platform (ABL DSL),2.24,Flow Control,Sub-Intents,"Step-scoped intent handlers that stay in current step (field clearing, tool calls)",,
Programmable Platform (ABL DSL),2.25,Flow Control,Global Digressions,"Cross-step intent handlers (help, quit, cancel) available in every step",,
Programmable Platform (ABL DSL),2.26,Variables,SET Expressions,"Assign variables from expressions, tool results, and built-in functions",,
Programmable Platform (ABL DSL),2.27,Variables,CLEAR,Delete session variables to reset state for loops,,
Programmable Platform (ABL DSL),2.28,Variables,TRANSFORM Pipeline,"Array processing: FILTER -> MAP -> SORT_BY -> LIMIT with expression support",,
Programmable Platform (ABL DSL),2.29,Tool Calls in Flow,CALL WITH/AS,Explicit parameter binding (WITH) and result variable binding (AS) for tool calls,,
Programmable Platform (ABL DSL),2.30,Tool Calls in Flow,ON_SUCCESS / ON_FAIL,Conditional branches after tool call based on success or failure,,
Programmable Platform (ABL DSL),2.31,Built-in Functions,Math (8),"ADD, SUB, MUL, DIV, ROUND, ABS, MIN, MAX",,
Programmable Platform (ABL DSL),2.32,Built-in Functions,String (10),"UPPER, LOWER, TRIM, SUBSTRING, REPLACE, SPLIT, JOIN, PAD_START, PAD_END, REPEAT",,
Programmable Platform (ABL DSL),2.33,Built-in Functions,Formatting (4),"MASK, FORMAT_CURRENCY, FORMAT_DATE, ORDINAL",,
Programmable Platform (ABL DSL),2.34,Built-in Functions,Type (5),"IS_ARRAY, IS_NUMBER, IS_STRING, TO_NUMBER, TO_STRING",,
Programmable Platform (ABL DSL),2.35,Built-in Functions,Array (3),"LENGTH, ARRAY_FIND, ARRAY_FIND_INDEX",,
Programmable Platform (ABL DSL),2.36,Built-in Functions,Object (3),"OBJECT_KEYS, OBJECT_VALUES, OBJECT_MERGE",,
Programmable Platform (ABL DSL),2.37,Built-in Functions,Utility (3),"COALESCE, NOW, UNIQUE_ID",,
Programmable Platform (ABL DSL),2.38,Expression Engine,Operators,"==, !=, >, <, >=, <=, IN, NOT IN, CONTAINS, MATCHES, IS SET, IS NOT SET, AND, OR, NOT",,
Programmable Platform (ABL DSL),2.39,Expression Engine,Variable Paths,"Dot notation (user.name), array access (items[0]), nested paths",,
Programmable Platform (ABL DSL),2.40,Memory,Session Variables,Per-session volatile state cleared on session end,,
Programmable Platform (ABL DSL),2.41,Memory,Persistent Memory,Cross-session storage with namespaced paths and access control,,
Programmable Platform (ABL DSL),2.42,Memory,Remember Triggers,"Auto-store values when conditions met, with TTL-based expiry",,
Programmable Platform (ABL DSL),2.43,Memory,Recall Instructions,"ON_START, ON_SEARCH recall directives for memory retrieval",,
Programmable Platform (ABL DSL),2.44,Lifecycle,ON_START Hook,"Session initialization: greet, set variables, call tools, delegate",,
Programmable Platform (ABL DSL),2.45,Lifecycle,ON_ERROR Handlers,"Per-error-type handling with retry count, delay, and then-transition",,
Programmable Platform (ABL DSL),2.46,Lifecycle,COMPLETE Conditions,"Completion triggers with when-clause, response template, and memory store",,
Programmable Platform (ABL DSL),2.47,Lifecycle,Hooks,"before_agent, after_agent, before_turn, after_turn lifecycle hooks",,
Programmable Platform (ABL DSL),2.48,Templates,Named Templates,"Reusable response templates with interpolation, multi-format output, and actions",,
Programmable Platform (ABL DSL),2.49,Messages,Configurable Messages,"Override all platform messages (error, constraint, gather, escalation, completion) per agent",,
Programmable Platform (ABL DSL),2.50,NLU Config,In-DSL NLU,"Configure models, languages, intents, categories, entities, embeddings, evaluation directly in ABL",,
Build with AI,3.1,Arch AI Assistant,Conversational Agent Design,AI-guided agent creation through natural conversation in Studio,,
Build with AI,3.2,Arch AI Assistant,Suggestion Chips,Contextual quick-action suggestions based on current design stage,,
Build with AI,3.3,Arch AI Assistant,Diff View,Visual diff viewer showing proposed code changes before applying,,
Build with AI,3.4,Arch AI Assistant,Plan & Proposal Messages,Structured multi-step change proposals with accept/reject,,
Build with AI,3.5,Lifecycle Stepper,Ideate Stage,Problem/requirement capture guided by AI,,
Build with AI,3.6,Lifecycle Stepper,Design Stage,Architecture and domain modeling with AI assistance,,
Build with AI,3.7,Lifecycle Stepper,Build Stage,ABL code editing with AI pair-programming,,
Build with AI,3.8,Lifecycle Stepper,Test Stage,Test scenario definition and execution,,
Build with AI,3.9,Lifecycle Stepper,Deploy Stage,Production deployment guidance,,
Build with AI,3.10,Spec Generation,Quick Generate,Generate complete agent spec from natural language domain description,,
Build with AI,3.11,Spec Generation,Pipeline Stepper,Multi-step generation pipeline with review at each stage,,
Build with AI,3.12,Spec Generation,Review Screen,Review and edit generated spec before finalizing,,
Build with AI,3.13,ABL Editor,Syntax Highlighting,Full-featured code editor with ABL syntax support,,
Build with AI,3.14,ABL Editor,Live Compilation,Real-time ABL to IR compilation with error display,,
Build with AI,3.15,ABL Editor,IR Viewer,Inspect compiled AgentIR output alongside source,,
Build with AI,3.16,MCP Debug Tools,15 Debug Tools,"Connect, inspect agents, trace events, explain decisions, analyze sessions via MCP protocol",,
Build with AI,3.17,MCP Debug Tools,AI-Powered Session Analysis,"Automated issue detection: loops, errors, constraint violations with fix suggestions",,
Build with AI,3.18,Static Analyzer,Conflict Detection,Detect routing/coordination conflicts across multi-agent projects,,
Build with AI,3.19,Static Analyzer,Coverage Analysis,Find unreachable flows and missing handlers,,
Build with AI,3.20,Static Analyzer,Security Analysis,Detect PII exposure and credential handling issues,,
Omnichannel Capabilities,4.1,Async/Webhook Channels,Slack,"Bot integration with Block Kit rich messages, block_actions events, bot_token + signing_secret auth",Zendesk/Salesforce integrations,Platform-managed
Omnichannel Capabilities,4.2,Async/Webhook Channels,WhatsApp,"Interactive messages (buttons/lists) via webhook adapter, app_secret + access_token auth",Zendesk/Salesforce integrations,Platform-managed
Omnichannel Capabilities,4.3,Async/Webhook Channels,Facebook Messenger,"Templates with buttons/quick replies, postback events, page_access_token auth",Zendesk/Salesforce integrations,Platform-managed
Omnichannel Capabilities,4.4,Async/Webhook Channels,Microsoft Teams,"Adaptive Cards with invoke action events, app_id + client_secret auth",Zendesk/Salesforce integrations,Platform-managed
Omnichannel Capabilities,4.5,Async/Webhook Channels,Email,Async email processing with delivery tracking,Zendesk/Salesforce integrations,Platform-managed
Omnichannel Capabilities,4.6,Async/Webhook Channels,HTTP Async,Asynchronous HTTP with callback webhooks,,
Omnichannel Capabilities,4.7,Async/Webhook Channels,VXML/IVR,Enterprise PBX integration for Genesys / Avaya / Cisco contact centers,,
Omnichannel Capabilities,4.8,Async/Webhook Channels,Jambonz,Open-source voice gateway for SIP/PSTN telephony,,
Omnichannel Capabilities,4.9,Real-time Channels,Web Chat (SDK WebSocket),Embeddable chat widget with bidirectional WebSocket transport,Chat widget,Chat widget
Omnichannel Capabilities,4.10,Real-time Channels,Web Debug,Studio testing channel with full trace integration,,
Omnichannel Capabilities,4.11,Real-time Channels,Voice (Generic),Voice channel with configurable STT/TTS pipeline,,
Omnichannel Capabilities,4.12,Real-time Channels,Voice (Twilio),Twilio Media Streams integration with TwiML,,
Omnichannel Capabilities,4.13,Real-time Channels,Voice (LiveKit),LiveKit SIP/WebRTC real-time voice with multi-participant support,,
Omnichannel Capabilities,4.14,REST/Special Channels,REST API,Stateless HTTP API for programmatic interaction,REST API,REST API
Omnichannel Capabilities,4.15,REST/Special Channels,AG-UI (SSE Streaming),Server-Sent Events streaming protocol for modern frontend integration (CopilotKit),,
Omnichannel Capabilities,4.16,Rich Message Formats,Slack Block Kit,Native Slack Block Kit for rich interactive messages in Slack channels,Platform-rendered,Platform-rendered
Omnichannel Capabilities,4.17,Rich Message Formats,Adaptive Cards (Teams),Microsoft Adaptive Card format for Teams channel messages,Platform-rendered,Platform-rendered
Omnichannel Capabilities,4.18,Rich Message Formats,WhatsApp Interactive,Native WhatsApp buttons and list menus,Platform-rendered,Platform-rendered
Omnichannel Capabilities,4.19,Rich Message Formats,Messenger Templates,Facebook Messenger button and quick reply templates,Platform-rendered,Platform-rendered
Omnichannel Capabilities,4.20,Rich Message Formats,AG-UI Event Streams,Structured event stream format (TEXT_MESSAGE_START/CONTENT/END) for CopilotKit/AG-UI frontends,,
Omnichannel Capabilities,4.21,Rich Message Formats,Markdown / HTML,Standard markdown and HTML rendering for web channels,,
Omnichannel Capabilities,4.22,Interactive Actions,Per-Channel Action Types,"button, select, input (text/number/date/time/email) with automatic per-channel native format transforms",Not exposed,Not exposed
Omnichannel Capabilities,4.23,Action Events,Structured Action Events,"ActionEvent with formData and per-channel source tracking (Slack block_actions, WhatsApp button_reply, Messenger postback, Teams invoke)",Not exposed,Not exposed
Omnichannel Capabilities,4.24,Streaming Protocol,AG-UI SSE Protocol,"TEXT_MESSAGE_START/CONTENT/END, TOOL_CALL_START/ARGS/END events for real-time frontend streaming",Not exposed,Not exposed
Omnichannel Capabilities,4.25,Streaming Protocol,Bidirectional Voice Streaming,Real-time audio I/O streaming for voice channels with server-side VAD,,
Omnichannel Capabilities,4.26,Channel Security,Per-Channel Credentials,"Channel-specific auth management: Slack (bot_token, signing_secret), WhatsApp (app_secret, access_token), Teams (app_id, client_secret), Messenger (page_access_token)",Platform-managed,Platform-managed
Omnichannel Capabilities,4.27,Webhook Events,Outbound Webhooks,"Event notifications: agent.response, session.completed, session.escalated, delivery.failed",Not exposed,Not exposed
Omnichannel Capabilities,4.28,Queue Architecture,Async Pipeline,webhook → adapter → BullMQ queue → process → delivery queue → send with failure tracking and retry,Monolithic,Monolithic
Omnichannel Capabilities,4.29,Queue Architecture,Real-time Pipeline,WebSocket/SSE direct connection for low-latency bidirectional interaction,Monolithic,Monolithic
Omnichannel Capabilities,4.30,Session Continuity,Cross-Channel Sessions,Resume sessions across channels via identity resolution,,
Omnichannel Capabilities,4.31,Session Continuity,Channel Artifact Resolution,"Resolve existing sessions from channel-specific artifacts (cookie, phone number, email)",,
Omnichannel Capabilities,4.32,SDK Embedding,Embed Code Generator,Generate iframe/script embed code for web deployment,,
Voice Experiences,5.1,Speech-to-Text,Deepgram Integration,Real-time streaming transcription with multi-language and confidence scoring,"Amazon Connect, RingCentral",Basic voice
Voice Experiences,5.2,Speech-to-Text,Google Cloud STT,Google Speech-to-Text streaming integration,"Amazon Connect, RingCentral",Basic voice
Voice Experiences,5.3,Speech-to-Text,Azure Speech,Azure Cognitive Services speech recognition,"Amazon Connect, RingCentral",Basic voice
Voice Experiences,5.4,Text-to-Speech,ElevenLabs Integration,High-quality voice synthesis with multiple voice variants and streaming output,"Amazon Connect, RingCentral",Basic voice
Voice Experiences,5.5,Text-to-Speech,Amazon Polly,AWS Polly neural and standard voice synthesis,"Amazon Connect, RingCentral",Basic voice
Voice Experiences,5.6,Text-to-Speech,Google Cloud TTS,Google Cloud Text-to-Speech with WaveNet voices,"Amazon Connect, RingCentral",Basic voice
Voice Experiences,5.7,Text-to-Speech,Azure TTS,Azure Cognitive Services text-to-speech,"Amazon Connect, RingCentral",Basic voice
Voice Experiences,5.8,Realtime LLM,OpenAI Realtime API,WebSocket-based persistent voice sessions with audio I/O and server-side VAD,,
Voice Experiences,5.9,Realtime LLM,Gemini Live API,Google real-time voice LLM integration,,
Voice Experiences,5.10,Voice Pipeline,End-to-End Orchestration,STT to Agent Reasoning to TTS pipeline with latency optimization,,
Voice Experiences,5.11,Telephony,Twilio Media Streams,PSTN call handling via Twilio Media Streams with TwiML,Not detailed,Not detailed
Voice Experiences,5.12,Telephony,LiveKit SIP Integration,SIP trunk support via LiveKit for enterprise telephony and multi-participant,Not detailed,Not detailed
Voice Experiences,5.13,Telephony,Jambonz Gateway,Open-source Jambonz voice platform handler for SIP/PSTN,Not detailed,Not detailed
Voice Experiences,5.14,Telephony,VXML/IVR,Enterprise contact center integration for Genesys / Avaya / Cisco PBX systems,Not detailed,Not detailed
Voice Experiences,5.15,Voice Optimization,Latency Target,Configurable voice_latency_target_ms in agent execution config,,
Voice Experiences,5.16,Voice Optimization,Response Stripping,Auto-remove markdown/emoji from voice channel responses,,
Voice Experiences,5.17,Voice Optimization,SSML Support,"W3C SSML markup for prosody, emphasis, breaks, and audio cues",,
Voice Experiences,5.18,Voice Configuration,Per-Message Voice Config,"Override voice settings (SSML, instructions, plainText) per response",,
Voice Experiences,5.19,Voice Configuration,Transcript Retention,"Configurable: always, on_success, or never retain transcripts",,
Voice Experiences,5.20,Voice Configuration,Turn Detection,Server-side VAD configuration for turn-taking,,
Voice Experiences,5.21,Voice Runtime Profile,Voice-Optimized Runtime,Dedicated runtime profile with low-latency settings and concurrent call limits,,
Observability & Debugging,6.1,Trace Events,LLM Call Tracing,"Model, provider, token counts (input/output/cached), duration, cost per call",,
Observability & Debugging,6.2,Trace Events,Tool Call Tracing,"Tool name, parameters, result, duration, success/failure",,
Observability & Debugging,6.3,Trace Events,Decision Tracing,"Routing decisions, escalation triggers, handoff conditions",,
Observability & Debugging,6.4,Trace Events,Constraint Check Tracing,"Condition evaluated, context, pass/fail result",,
Observability & Debugging,6.5,Trace Events,Flow Step Tracing,"Step enter/exit, transitions, collection progress",,
Observability & Debugging,6.6,Trace Events,DSL Operation Tracing,"SET, COLLECT, CALL, RESPOND, ON_INPUT, ON_START events",,
Observability & Debugging,6.7,Trace Events,Entity Extraction Tracing,"Fields extracted, method (LLM vs regex), values",,
Observability & Debugging,6.8,Trace Events,Coordination Tracing,"Handoff, delegation, fan-out, escalation, thread return events",,
Observability & Debugging,6.9,Real-Time Streaming,WebSocket Trace Delivery,Live trace event streaming to subscribed clients,,
Observability & Debugging,6.10,Real-Time Streaming,Replay on Subscribe,Buffer recent events and replay when new subscriber connects,,
Observability & Debugging,6.11,Studio Observatory,Floating Debug Panel,Collapsible real-time debug panel in Studio UI,,
Observability & Debugging,6.12,Studio Observatory,Session Timeline,Chronological event viewer for entire session,,
Observability & Debugging,6.13,Studio Observatory,Span Tree,Hierarchical execution span tree showing call depth,,
Observability & Debugging,6.14,Studio Observatory,Agent Flow Graph,Mermaid-rendered visual routing and flow graph,,
Observability & Debugging,6.15,Studio Observatory,LLM Calls Tab,Full prompt/response viewer with token and cost details,,
Observability & Debugging,6.16,Studio Observatory,Tool Call Viewer,"Tool execution detail with params, result, duration",,
Observability & Debugging,6.17,Studio Observatory,Gather Progress Panel,Field collection progress tracker,,
Observability & Debugging,6.18,Studio Observatory,Constraint Monitor,Real-time constraint check results,,
Observability & Debugging,6.19,MCP Debug,Session Analysis,"Automated diagnostics: loops, errors, constraint violations, suggestions",,
Observability & Debugging,6.20,MCP Debug,Decision Explanation,Explain why agent made specific routing/tool/response decisions,,
Observability & Debugging,6.21,MCP Debug,Error Inspector,Get all errors and warnings from session with context,,
Observability & Debugging,6.22,Trace Storage,In-Memory Ring Buffer,Per-session configurable max events with time-based expiry,,
Observability & Debugging,6.23,Trace Storage,ClickHouse Persistence,Analytics-grade trace storage with daily partitions,,
Observability & Debugging,6.24,Trace Backends,Langfuse Integration,Export traces to Langfuse for LLM analytics,,
Observability & Debugging,6.25,Trace Backends,LangSmith Integration,Export traces to LangSmith for evaluation,,
Observability & Debugging,6.26,Distributed Tracing,HLC Timestamps,Hybrid Logical Clocks for causal event ordering across pods,,
Observability & Debugging,6.27,Distributed Tracing,Trace/Span/Parent IDs,Full span tree reconstruction across distributed execution,,
Enterprise Features,7.1,Multi-Tenancy,Tenant Isolation,"Every data path (DB, cache, events) scoped by tenantId",,
Enterprise Features,7.2,Multi-Tenancy,Per-Tenant Configuration,"Tenant-level LLM models, rate limits, encryption keys, NLU config",,
Enterprise Features,7.3,Multi-Tenancy,Per-Tenant Rate Limiting,Separate rate limits per tenant with token bucket + Redis sliding window,,
Enterprise Features,7.4,Authentication,Unified Auth Middleware,"Single convergence point for JWT, SDK token, and API key flows",,
Enterprise Features,7.5,Authentication,SSO (OIDC/SAML),Enterprise SSO with domain verification and provider configuration,,
Enterprise Features,7.6,Authentication,MFA (TOTP),Multi-factor authentication with recovery codes,,
Enterprise Features,7.7,Authentication,OAuth (Google),Google Sign-In integration,,
Enterprise Features,7.8,Authentication,Device Auth,QR code-based device authentication flow,,
Enterprise Features,7.9,Authentication,SDK Auth,SDK token verification for embedded widget connections,,
Enterprise Features,7.10,Authorization,RBAC,Role-based access control with requirePermission/requireAnyPermission,,
Enterprise Features,7.11,Authorization,Permission Guards,Per-endpoint permission requirements with custom role support,,
Enterprise Features,7.12,Encryption,Field-Level Encryption,AES-256-GCM encryption for sensitive fields with tenant-scoped DEKs,,
Enterprise Features,7.13,Encryption,KMS Integration,"Key Management Service with KEK rotation, epoch-scoped DEKs, LRU cache",,
Enterprise Features,7.14,Encryption,Vault Providers,"HashiCorp Vault, AWS Secrets Manager, Azure KeyVault, K8s Secrets, File, Env",,
Enterprise Features,7.15,Encryption,Key Rotation,Automated KEK rotation with batch reencryption queue,,
Enterprise Features,7.16,Compliance,PII Detection,"Email, phone, SSN, credit card (Luhn), IP address detection with redaction",,
Enterprise Features,7.17,Compliance,Tool Trace Scrubbing,Redact sensitive data from tool call traces,,
Enterprise Features,7.18,Compliance,Audit Logging,"25+ event types: agent lifecycle, tool execution, deployment, session, security events",,
Enterprise Features,7.19,Compliance,Data Retention Policies,"Configurable TTLs for messages (90d), sessions, traces, and persistent memory",,
Enterprise Features,7.20,Compliance,Right to Erasure,"Cascading session deletion across messages, traces, resolution keys, cached state",,
Enterprise Features,7.21,Compliance,Archive & Export,Session archival with audit log export capability,,
Enterprise Features,7.22,Secret Management,Encrypted Credential Storage,"Store API keys, OAuth tokens, tool credentials with encryption at rest",,
Enterprise Features,7.23,Secret Management,Secret Rotation,Scheduled rotation policies via admin dashboard,,
Enterprise Features,7.24,Admin Dashboard,Configuration Management,Per-environment configuration with validation and diff,,
Enterprise Features,7.25,Admin Dashboard,Audit Log Viewer,Browse and export admin action audit trail,,
Enterprise Features,7.26,Workspace Management,Invitations,Email-based workspace invitations with token-based acceptance,,
Enterprise Features,7.27,Workspace Management,Member Management,"Add/remove members, assign roles, manage permissions",,
Enterprise Features,7.28,Workspace Management,Organization Hierarchy,Multi-workspace organizations with tenant switching,,
Scalability & Resilience,8.1,Stateless Architecture,Pod-Agnostic Execution,No pod-local state as source of truth; any request lands on any pod,,
Scalability & Resilience,8.2,Stateless Architecture,Session Rehydration,Full session resume on any pod from Redis/MongoDB backing store,,
Scalability & Resilience,8.3,Distributed State,Redis-Backed Sessions,Session state in Redis cluster for cross-pod sharing,,
Scalability & Resilience,8.4,Distributed State,Distributed Locks,"Redis SET NX PX for execution locks, Lua scripts for atomic operations",,
Scalability & Resilience,8.5,Distributed State,Content-Addressed Caching,IR cache with hash-based keys so any pod builds same cache entry,,
Scalability & Resilience,8.6,Resilience,Circuit Breakers,"Three-state pattern (closed/open/half-open) per tool, per LLM provider, per KMS",,
Scalability & Resilience,8.7,Resilience,Rate Limiting,Hybrid local token bucket + Redis sliding window with per-tenant config,,
Scalability & Resilience,8.8,Resilience,LLM Request Queue,Semaphore-based concurrency control with per-model limits and backpressure,,
Scalability & Resilience,8.9,Resilience,Retry with Backoff,Configurable retry count and delay for tool calls and LLM requests,,
Scalability & Resilience,8.10,Resilience,Fallback Models,Automatic fallback to secondary LLM model on primary failure,,
Scalability & Resilience,8.11,Persistence,Dual-Write Architecture,MongoDB for metadata + ClickHouse for high-volume operational data,,
Scalability & Resilience,8.12,Persistence,Batched Writes,Message persistence queue with flush-on-threshold and time-based batching,,
Scalability & Resilience,8.13,Persistence,Connection Pooling,Pooled database and HTTP connections with keep-alive,,
Scalability & Resilience,8.14,Caching,Two-Tier IR Cache,Memory + Redis with TTL-based expiration and async warming,,
Scalability & Resilience,8.15,Caching,NLU Result Cache,Cache repeated NLU predictions to avoid redundant LLM calls,,
Scalability & Resilience,8.16,Caching,LLM Provider Cache,Share provider instances across sessions,,
Scalability & Resilience,8.17,State Checkpointing,Session Checkpoints,Full agent state serialization with parent/child branching support,,
Scalability & Resilience,8.18,State Checkpointing,Checkpoint Encryption,Pluggable encryptor for at-rest checkpoint protection,,
Scalability & Resilience,8.19,Performance,Conversation Windowing,Sliding window message cap (maxMessages) to bound LLM context size,,
Scalability & Resilience,8.20,Performance,Payload Size Validation,Check input size before compression/decompression/JSON parsing,,
Scalability & Resilience,8.21,Performance,Async Compression,gzip via promisify - never sync in request handlers,,
Governance & Control,9.1,Agent Versioning,Version Lifecycle,"Draft -> testing -> staged -> active -> deprecated -> archived",,
Governance & Control,9.2,Agent Versioning,Version Promotion,Explicit promotion workflow with who-promoted tracking,,
Governance & Control,9.3,Agent Versioning,Source Hash,Content-addressed change detection for agent definitions,,
Governance & Control,9.4,Agent Versioning,Changelog,Per-version change tracking,,
Governance & Control,9.5,Deployment Management,Environment Separation,"Dev, staging, production environments with independent config",,
Governance & Control,9.6,Deployment Management,Environment Variables,Per-environment variable configuration with copy between envs,,
Governance & Control,9.7,Deployment Management,Version Pinning,Pin deployments to specific agent versions,,
Governance & Control,9.8,Configuration,Centralized Config,18+ configuration schemas covering all infrastructure aspects,,
Governance & Control,9.9,Configuration,Config Validation,Schema-based validation with production safety checks,,
Governance & Control,9.10,Configuration,Config Diffing,Visual diff between configuration versions and environments,,
Governance & Control,9.11,Audit Trail,Comprehensive Audit Events,"Agent lifecycle, tool execution, deployment, session, coordination, security events",,
Governance & Control,9.12,Audit Trail,Actor Tracking,"Every audit event includes actor identity, timestamp, and action",,
Governance & Control,9.13,Audit Trail,Audit Export,Export audit logs for compliance review,,
Governance & Control,9.14,Access Control,Per-Endpoint Permissions,Every API endpoint has explicit permission requirements,,
Governance & Control,9.15,Access Control,SDK Key Management,"Create, revoke, and scope SDK API keys per project",,
Governance & Control,9.16,Project Management,Import/Export,"Export and import projects with agents, config, and data",,
Governance & Control,9.17,Project Management,Git Integration,GitHub/GitLab integration for version-controlled agent definitions,,
Governance & Control,9.18,Project Management,Project Locking,Lock projects during editing to prevent concurrent modifications,,
Control vs Autonomy,10.1,Dual Mode,Reasoning (Autonomous),"LLM-driven with tool selection, multi-turn reasoning, and self-directed problem solving",,
Control vs Autonomy,10.2,Dual Mode,Scripted (Controlled),Deterministic state machine with explicit step transitions and no LLM decision-making on flow,,
Control vs Autonomy,10.3,Guardrails,Pre-Turn Guardrails,Check input/output before every agent turn with block/warn/redact/escalate,,
Control vs Autonomy,10.4,Guardrails,Phase-Based Constraints,Named constraint phases checked at specific business logic points,,
Control vs Autonomy,10.5,Guardrails,Priority Ordering,"Lower priority number = higher priority, evaluated in order",,
Control vs Autonomy,10.6,Iteration Limits,Reasoning Loop Cap,max_reasoning_iterations prevents runaway LLM loops,,
Control vs Autonomy,10.7,Iteration Limits,Flow Loop Cap,max_flow_iterations prevents infinite scripted loops,,
Control vs Autonomy,10.8,Iteration Limits,Consecutive Empty Detection,Safety guard against LLM producing empty responses repeatedly,,
Control vs Autonomy,10.9,Tool Control,Tool Hints,"cacheable, latency, side_effects, requires_auth per tool",,
Control vs Autonomy,10.10,Tool Control,Tool Timeout,Per-tool timeout override for long-running operations,,
Control vs Autonomy,10.11,Tool Control,Parallel Tool Calls,Enable/disable parallel tool execution per agent,,
Control vs Autonomy,10.12,Model Control,Per-Operation Models,"Different models for extraction, validation, tool_selection, response_gen, reasoning",,
Control vs Autonomy,10.13,Model Control,Temperature Control,Per-agent temperature and max_tokens configuration,,
Control vs Autonomy,10.14,Model Control,Fallback Models,Automatic degradation to fallback model on failure,,
Control vs Autonomy,10.15,Completion Control,Declarative Completion,COMPLETE WHEN conditions checked automatically each turn,,
Control vs Autonomy,10.16,Completion Control,Explicit Handoff Conditions,HANDOFF WHEN conditions for controlled agent switching,,
Control vs Autonomy,10.17,Custom System Prompt,SYSTEM_PROMPT Template,Override default system prompt with custom template and dynamic sections,,
LLM Integration,11.1,Providers,Anthropic,Claude models with prompt caching support,,
LLM Integration,11.2,Providers,OpenAI,GPT models with structured output and function calling,,
LLM Integration,11.3,Providers,Azure OpenAI,Azure-hosted OpenAI models,,
LLM Integration,11.4,Providers,Google Gemini,Gemini models including Gemini Live for voice,,
LLM Integration,11.5,Providers,AWS Bedrock,Bedrock-hosted models,,
LLM Integration,11.6,Providers,Vertex AI,Google Cloud Vertex AI models,,
LLM Integration,11.7,Providers,LiteLLM,Universal proxy for 100+ LLM providers,,
LLM Integration,11.8,Providers,Custom,Pluggable custom provider implementations,,
LLM Integration,11.9,Capabilities,Streaming,Streaming text completion with onChunk callbacks,,
LLM Integration,11.10,Capabilities,Tool/Function Calling,Native function calling with typed parameters,,
LLM Integration,11.11,Capabilities,Structured Output,JSON mode for reliable structured extraction,,
LLM Integration,11.12,Capabilities,Vision/Image,Image input support (provider-dependent),,
LLM Integration,11.13,Capabilities,Prompt Caching,Anthropic prompt caching for cost reduction,,
LLM Integration,11.14,Model Resolution,Multi-Level Resolution,Agent IR -> Agent DB -> Project DB -> Tenant DB -> Environment fallback chain,,
LLM Integration,11.15,Model Resolution,Operation-Type Models,"Different models per operation (extraction, reasoning, response)",,
LLM Integration,11.16,Model Registry,Capability Catalog,"Per-model capabilities, pricing, rate limits, performance metrics",,
LLM Integration,11.17,Model Registry,Intelligent Routing,"Cost-based, latency-based, and capability-based model selection",,
LLM Integration,11.18,Model Registry,Tenant Overrides,Per-tenant model configuration and restrictions,,
NLU (Natural Language Understanding),12.1,Core Tasks,Intent Detection,Primary intent classification with confidence scoring,,
NLU (Natural Language Understanding),12.2,Core Tasks,Sub-Intent Detection,Step-scoped intent classification within flow steps,,
NLU (Natural Language Understanding),12.3,Core Tasks,Category Classification,Multi-category topic classification,,
NLU (Natural Language Understanding),12.4,Core Tasks,Entity Extraction,"Named entity extraction: enum, pattern, location, date, number, free_text",,
NLU (Natural Language Understanding),12.5,Core Tasks,Correction Detection,Natural corrections (actually 4 not 3) with field update,,
NLU (Natural Language Understanding),12.6,Core Tasks,Digression Detection,Off-topic escape detection with intent matching,,
NLU (Natural Language Understanding),12.7,Core Tasks,Language Detection,Single language and code-switched language detection,,
NLU (Natural Language Understanding),12.8,Model Layers,Fast Layer,Lightweight models for quick classification,,
NLU (Natural Language Understanding),12.9,Model Layers,Balanced Layer,Moderate latency/accuracy tradeoff,,
NLU (Natural Language Understanding),12.10,Model Layers,Embedding Layer,Semantic similarity via vector embeddings,,
NLU (Natural Language Understanding),12.11,Model Layers,Fallback Layer,Regex/pattern-based degradation when LLM unavailable,,
NLU (Natural Language Understanding),12.12,Embeddings,Intent Embedding Index,Semantic matching for intents via embeddings,,
NLU (Natural Language Understanding),12.13,Embeddings,Entity Embedding Index,Open-ended entity extraction via embeddings,,
NLU (Natural Language Understanding),12.14,Multilingual,Multi-Language Support,Configurable languages list with default language,,
NLU (Natural Language Understanding),12.15,Multilingual,Code-Switching,Handle mixed-language input within conversation,,
NLU (Natural Language Understanding),12.16,Multilingual,Language-Specific Models,Per-language model mapping,,
NLU (Natural Language Understanding),12.17,Enterprise NLU,Tenant Isolation,Tenant-scoped NLU configuration and metrics,,
NLU (Natural Language Understanding),12.18,Enterprise NLU,NLU Caching,Cache repeated predictions to reduce LLM cost,,
NLU (Natural Language Understanding),12.19,Enterprise NLU,Circuit Breaker,Protect against failing NLU models,,
NLU (Natural Language Understanding),12.20,Enterprise NLU,A/B Testing,Compare NLU model performance,,
NLU (Natural Language Understanding),12.21,Enterprise NLU,PII Guard,Redact sensitive data from NLU predictions,,
NLU (Natural Language Understanding),12.22,Enterprise NLU,Prediction Audit Logging,Log all NLU predictions for compliance,,
NLU (Natural Language Understanding),12.23,Plugin System,Pre/Post Process Hooks,Custom plugins to short-circuit or transform NLU results,,
Search AI / RAG,13.1,Search Capabilities,Vector Search,Semantic similarity search with configurable topK and similarity threshold,,
Search AI / RAG,13.2,Search Capabilities,Hybrid Search,Combined vector + keyword/BM25 search with Reciprocal Rank Fusion weighting,,
Search AI / RAG,13.3,Search Capabilities,Structured Search,Metadata filter-based queries with sorting and pagination,,
Search AI / RAG,13.4,Search Capabilities,Aggregation Queries,"Aggregation operations (sum, avg, count, count_distinct, min, max) with grouping and having clauses",,
Search AI / RAG,13.5,Search Capabilities,Autocomplete Suggestions,Prefix-based autocomplete suggestions from indexed content,,
Search AI / RAG,13.6,Search Capabilities,Find Similar Documents,Discover documents semantically similar to a given document,,
Search AI / RAG,13.7,Search Capabilities,Vocabulary-Aware Query Resolution,Resolve business terms and aliases to structured filters and field references before search,,
Search AI / RAG,13.8,Search Capabilities,Reranking,"Optional reranker integration (Cohere, cross-encoder) for result refinement after retrieval",,
Search AI / RAG,13.9,Knowledge Base Management,Create & Manage KBs,"CRUD operations for knowledge bases with embedding model, chunking, and search defaults",,
Search AI / RAG,13.10,Knowledge Base Management,Index Status Lifecycle,"Index states: creating, active, indexing, error, disabled with rebuild support",,
Search AI / RAG,13.11,Knowledge Base Management,Full Rebuild / Reindex,Rebuild all document embeddings and reindex from source with progress tracking,,
Search AI / RAG,13.12,Document Ingestion,Single & Batch Ingest,Ingest individual documents or bulk JSON import with title/content/metadata,,
Search AI / RAG,13.13,Document Ingestion,Ingestion Pipeline,"Multi-stage pipeline: ingest → extract → canonical_map → chunk → enrich → embed with per-stage tracking",,
Search AI / RAG,13.14,Document Ingestion,Progress Tracking,"Real-time ingestion status: document counts, chunk counts, token counts, estimated cost, ETA",,
Search AI / RAG,13.15,Document Ingestion,Error Handling & Retry,Per-document error tracking with retry capabilities and status badges,,
Search AI / RAG,13.16,Chunking Strategies,Fixed-Size Chunking,Fixed token/character window chunking with configurable size and overlap,,
Search AI / RAG,13.17,Chunking Strategies,Semantic Chunking,Content-aware chunking that preserves semantic boundaries,,
Search AI / RAG,13.18,Chunking Strategies,Sliding Window Chunking,Overlapping window strategy for continuous context preservation,,
Search AI / RAG,13.19,Chunking Strategies,ATLAS-KG Architecture,Knowledge graph-based chunking strategy for maximum retrieval quality (designed),,
Search AI / RAG,13.20,Source Connectors,File Upload,"PDF, DOCX, TXT file upload with extraction",,
Search AI / RAG,13.21,Source Connectors,Web Crawl,URL-based web crawling with content extraction,,
Search AI / RAG,13.22,Source Connectors,Database,Direct database collection/table connectors,,
Search AI / RAG,13.23,Source Connectors,API Endpoint,REST API connector with auth (none/bearer/API key/basic) and HTTP method config,,
Search AI / RAG,13.24,Source Connectors,Jira,Jira issue and project content ingestion,,
Search AI / RAG,13.25,Source Connectors,Salesforce,Salesforce object and record ingestion,,
Search AI / RAG,13.26,Source Connectors,HubSpot,HubSpot CRM content ingestion,,
Search AI / RAG,13.27,Source Connectors,Confluence,Confluence page and space ingestion,,
Search AI / RAG,13.28,Source Connectors,Notion,Notion page and database ingestion,,
Search AI / RAG,13.29,Source Connectors,Google Drive,Google Drive file and folder ingestion,,
Search AI / RAG,13.30,Source Connectors,SharePoint,SharePoint document library ingestion,,
Search AI / RAG,13.31,Source Connectors,S3,AWS S3 bucket and prefix ingestion,,
Search AI / RAG,13.32,Source Connectors,Custom,Custom connector framework with configurable extraction and sync,,
Search AI / RAG,13.33,Source Connectors,Sync Scheduling,Cron-based sync schedules with max documents per sync,,
Search AI / RAG,13.34,Schema Management,Source Schema Discovery,Auto-discover fields from source connectors with types and sample values,,
Search AI / RAG,13.35,Schema Management,Canonical Schema Definition,"Normalized field schema with indexed/filterable/aggregatable flags and type selection (string, number, boolean, date, text, array)",,
Search AI / RAG,13.36,Schema Management,Schema Change Detection,"Detect field additions, removals, type changes, and enum value changes across syncs",,
Search AI / RAG,13.37,Field Mapping,AI-Suggested Mappings,LLM-generated source→canonical field mappings with confidence scores,,
Search AI / RAG,13.38,Field Mapping,Mapping Transforms,"8+ transform types: direct, enum remap, regex/JSONPath extraction, field coalescing, computed, date formatting, lowercase, array splitting",,
Search AI / RAG,13.39,Field Mapping,Confirm/Reject Workflow,Review and accept or reject AI-suggested mappings with reviewer tracking,,
Search AI / RAG,13.40,Field Mapping,Test Mapping,Test field transformations against sample documents before confirming,,
Search AI / RAG,13.41,Vocabulary,Domain Vocabulary Entries,"Business terms with primary name, aliases, description, and resolution rules",,
Search AI / RAG,13.42,Vocabulary,Resolution Types,"4 resolution types: field (map to canonical), filter (predefined conditions), aggregate (measures/dimensions), composite (multiple resolutions)",,
Search AI / RAG,13.43,Vocabulary,AI Vocabulary Suggestions,Generate vocabulary suggestions from indexed document content,,
Search AI / RAG,13.44,Vocabulary,Vocabulary Query Testing,"Test vocabulary resolution against queries with match types (exact, alias, fuzzy) and confidence",,
Search AI / RAG,13.45,Vocabulary,Bulk Import,Bulk import vocabulary entries from JSON,,
Search AI / RAG,13.46,Vector Storage,Qdrant Integration,HTTP API implementation for Qdrant vector database with payload indexing,,
Search AI / RAG,13.47,Vector Storage,Multi-Backend Support,"Pluggable vector store interface supporting Qdrant, Pinecone, pgvector",,
Search AI / RAG,13.48,Vector Storage,Distance Metrics,"Configurable distance metrics: cosine, euclidean, dot product",,
Search AI / RAG,13.49,Vector Storage,Metadata Indexing,"Index metadata alongside vectors for filtered search (keyword, integer, float, bool types)",,
Search AI / RAG,13.50,Embedding Generation,OpenAI Embeddings,"text-embedding-3-small (1536d), text-embedding-3-large (3072d), ada-002 with batch processing",,
Search AI / RAG,13.51,Embedding Generation,Pluggable Providers,Extensible embedding provider interface with factory pattern (OpenAI live; Cohere framework ready),,
Search AI / RAG,13.52,Embedding Generation,Token Counting & Cost,Token estimation and embedding cost calculation per ingestion batch,,
Search AI / RAG,13.53,Content Enrichment,Entity Extraction,Automatic entity extraction from ingested documents,,
Search AI / RAG,13.54,Content Enrichment,Summarization,Document summarization during ingestion pipeline,,
Search AI / RAG,13.55,Content Enrichment,Language Detection,Automatic language detection for multilingual content,,
Search AI / RAG,13.56,Content Enrichment,Custom Pipelines,Configurable custom enrichment pipelines per source,,
Search AI / RAG,13.57,Query Analytics,Latency Breakdown,"Per-query latency breakdown: vocabulary resolve, vector search, filter, rerank (ms per component)",,
Search AI / RAG,13.58,Query Analytics,Vocabulary Resolution Trace,"Debug mode showing resolved terms, unresolved segments, applied filters, and confidence scores",,
Search AI / RAG,13.59,Query Analytics,Source Attribution,Per-result source tracking with source name and URL reference,,
Search AI / RAG,13.60,Agent Integration,5 Native Search Tools,"search_vector, search_structured, search_aggregate, search_hybrid, vocabulary_resolve as agent-callable tools",,
Search AI / RAG,13.61,Agent Integration,Dynamic Tool Availability,Search tools automatically available based on agent DSL configuration,,
Search AI / RAG,13.62,Agent Integration,Tenant-Scoped KB Access,Knowledge base access scoped by tenant with caller context propagation,,
Search AI / RAG,13.63,Studio UI,KB Dashboard,"Knowledge base list with status badges, stats cards (total/active/indexing), search/sort/filter",,
Search AI / RAG,13.64,Studio UI,Document Management,Document list with status visualization and single/bulk ingestion interface,,
Search AI / RAG,13.65,Studio UI,Connector Configuration Wizard,Two-step dialog: connector type selection → auth and sync configuration,,
Search AI / RAG,13.66,Studio UI,Schema Editor,Canonical field editor with indexed/filterable/aggregatable toggles and type selection,,
Search AI / RAG,13.67,Studio UI,Field Mapping Review,AI-suggested mapping review UI with confidence scores and confirm/reject actions,,
Search AI / RAG,13.68,Studio UI,Vocabulary Editor,Vocabulary entry management with alias support and bulk JSON import,,
Search AI / RAG,13.69,Studio UI,Interactive Query Playground,"Query testing with type selector (vector/hybrid/structured), topK adjustment, debug mode, and results table",,
Search AI / RAG,13.70,Studio UI,Latency Breakdown Visualization,Bar chart visualization of per-component query latency,,
Search AI / RAG,13.71,Research / Design,HyDE Query Optimization,Hypothetical Document Embeddings for improved query representation (designed),,
Search AI / RAG,13.72,Research / Design,RAPTOR Retrieval,Recursive Abstractive Processing for Tree-Organized Retrieval (researched),,
Search AI / RAG,13.73,Research / Design,Late Chunking,Late chunking vs early chunking trade-off analysis (researched),,
Studio (Development Experience),14.1,Agent Management,Agent List,Browse agents grouped by domain,,
Studio (Development Experience),14.2,Agent Management,Agent Detail,"View/edit config, versions, deployment status",,
Studio (Development Experience),14.3,Agent Management,Version Comparison,Side-by-side version history and diff,,
Studio (Development Experience),14.4,Agent Management,Version Promotion,Promote versions through lifecycle stages,,
Studio (Development Experience),14.5,Testing,Chat Panel,Interactive chat with agents in Studio,,
Studio (Development Experience),14.6,Testing,Chat with Debug,Side-by-side chat + debug panel,,
Studio (Development Experience),14.7,Testing,Test Context Panel,"Configure caller context, variables, gather fields, tool mocks",,
Studio (Development Experience),14.8,Testing,Tool Mock Editor,Mock tool responses for deterministic testing,,
Studio (Development Experience),14.9,Testing,Preview Widget,Web chat widget preview with embed code,,
Studio (Development Experience),14.10,Testing,LiveKit Preview,Voice/video preview with LiveKit,,
Studio (Development Experience),14.11,Project Management,Project Dashboard,Overview with quick stats,,
Studio (Development Experience),14.12,Project Management,Project Switcher,Switch between projects,,
Studio (Development Experience),14.13,Project Management,Import/Export,Backup and restore projects,,
Studio (Development Experience),14.14,Deployment,Deployment Page,View all environments and channels,,
Studio (Development Experience),14.15,Deployment,Channel Management,"Configure web, voice, SMS, WhatsApp channels per deployment",,
Studio (Development Experience),14.16,Deployment,Environment Variables,Per-environment config with copy between envs,,
Studio (Development Experience),14.17,Deployment,Embed Code Generator,Generate embed code snippets for web integration,,
Studio (Development Experience),14.18,Visualization,Topology Canvas,Visual agent topology/architecture diagram,,
Studio (Development Experience),14.19,Visualization,State Machine View,Finite state machine visualizer for scripted flows,,
Studio (Development Experience),14.20,Navigation,Command Palette,Quick search and navigation across Studio,,
Studio (Development Experience),14.21,UI System,Design Token System,"HSL-based semantic colors, spacing, shadows, animations via CSS variables",,
Studio (Development Experience),14.22,UI System,Theme Support,"Light, dark, and system theme modes",,
Studio (Development Experience),14.23,UI System,25+ Base Components,"Button, Input, Card, Badge, Dialog, DataTable, JsonViewer, DiffViewer, etc.",,
Analytics & Metrics,15.1,LLM Metrics,Token Counting,"Input, output, and cached token tracking per call",,
Analytics & Metrics,15.2,LLM Metrics,Cost Estimation,Per-call cost calculation based on model pricing,,
Analytics & Metrics,15.3,LLM Metrics,Latency Tracking,Duration (ms) recorded for every LLM call,,
Analytics & Metrics,15.4,LLM Metrics,Provider Breakdown,Metrics segmented by provider and model,,
Analytics & Metrics,15.5,Tool Metrics,Execution Duration,Duration recorded for every tool call,,
Analytics & Metrics,15.6,Tool Metrics,Success/Failure Rates,Tool call outcome tracking,,
Analytics & Metrics,15.7,Session Metrics,Active Sessions,Real-time gauge of currently active sessions,,
Analytics & Metrics,15.8,Session Metrics,Session Disposition,"Completed, abandoned, transferred, failed, timeout tracking",,
Analytics & Metrics,15.9,Session Metrics,Billing Info,Per-session token count and cost estimation,,
Analytics & Metrics,15.10,NLU Metrics,Prediction Events,"Task, model, confidence, latency per NLU prediction",,
Analytics & Metrics,15.11,NLU Metrics,Fallback Rate,Track how often NLU falls back to degraded methods,,
Analytics & Metrics,15.12,NLU Metrics,Correction Rate,Track natural correction frequency,,
Analytics & Metrics,15.13,Storage,ClickHouse Metrics Store,Time-series metrics storage with monthly partitions,,
Analytics & Metrics,15.14,Storage,MongoDB Metrics Store,Operational metrics persistence,,
Analytics & Metrics,15.15,Traces Page,Trace Event Browser,Browse and filter trace events in Studio,,
Analytics & Metrics,15.16,Session Analysis,Session Analysis Panel,Session-level metrics and analysis in Studio,,
Future Readiness,16.1,IR-First Architecture,Framework Agnostic,AgentIR is the single compilation target - runtime executors are pluggable,,
Future Readiness,16.2,IR-First Architecture,Static Graph Export,"Compiled flow graph (nodes, edges) for visualization and analysis tools",,
Future Readiness,16.3,Modular Runtimes,Voice Runtime Profile,Dedicated voice-optimized runtime with latency targets,,
Future Readiness,16.4,Modular Runtimes,Digital Runtime Profile,Web/chat runtime with rich content and checkpointing,,
Future Readiness,16.5,Modular Runtimes,Workflow Runtime Profile,Long-running process orchestration with HITL and SLA tracking,,
Future Readiness,16.6,Extensible NLU,Plugin Pipeline,Pre/post-process hooks for custom NLU logic,,
Future Readiness,16.7,Extensible NLU,Custom Embedding Providers,Pluggable embedding provider interface,,
Future Readiness,16.8,Extensible Tools,MCP Protocol,Model Context Protocol for standardized tool/resource/prompt discovery,,
Future Readiness,16.9,Extensible Tools,Tool Middleware,"Composable middleware chain (logging, timing, audit) for tool execution",,
Future Readiness,16.10,Proposed Extensions,12 New DSL Constructs,"ENV, CONNECTIONS, SERVICE, MAP, PIPES, VALIDATE, TEMPLATE, EVENTS, SWITCH, COUNTER, WAIT, EXECUTION (design phase)",,
Future Readiness,16.11,Proposed Extensions,Localization Extension,Multi-language and regional customization support (designed),,
Future Readiness,16.12,Proposed Extensions,Scheduling Extension,Time-based availability constraints for agent orchestration (designed),,
Future Readiness,16.13,Proposed Extensions,Interrupts Extension,Mid-flow task switching and conversation resumption control (designed),,
Future Readiness,16.14,Observability Layer 2,Grafana Dashboards,Planned: Grafana over ClickHouse traces for AI/agent analytics,,
Future Readiness,16.15,Observability Layer 1,Coroot Integration,Designed: eBPF-based infra monitoring with AI root cause analysis,,
Future Readiness,16.16,AG-UI Protocol,CopilotKit Events,Rich content format for AG-UI/CopilotKit frontend integration,,
Future Readiness,16.17,A2A Protocol,Agent-to-Agent,Cross-service agent communication protocol for federated deployments,,
Future Readiness,16.18,Contact Intelligence,Duplicate Detection,ML-based contact deduplication with merge suggestion workflow,,
Future Readiness,16.19,OTEL Bridge,OpenTelemetry Export,Optional trace export to OpenTelemetry-compatible backends,,
